id,label
banana_34.jpeg,2
mango_140.jpeg,5
mango_195.jpeg,5
watermelon_37.jpeg,9
cherry_22.jpeg,3
kiwi_173.jpeg,4
apple_105.jpeg,0
strawberries_69.jpeg,8
strawberries_86.jpeg,8
cherry_200.jpeg,3
strawberries_164.jpeg,8
apple_159.jpeg,0
pineapple_221.jpeg,7
orange_225.jpeg,6
avocado_63.jpeg,1
avocado_78.jpeg,1
pineapple_213.jpeg,7
strawberries_83.jpeg,8
kiwi_82.jpeg,4
pineapple_77.jpeg,7
apple_155.jpeg,0
mango_215.jpeg,5
mango_210.jpeg,5
kiwi_192.jpeg,4
kiwi_110.jpeg,4
watermelon_222.jpeg,9
mango_134.jpeg,5
watermelon_99.jpeg,9
apple_60.jpeg,0
strawberries_110.jpeg,8
strawberries_96.jpeg,8
banana_44.jpeg,2
cherry_121.jpeg,3
orange_107.jpeg,6
avocado_58.jpeg,1
kiwi_215.jpeg,4
avocado_186.jpeg,1
banana_24.jpeg,2
avocado_16.jpeg,1
mango_153.jpeg,5
orange_195.jpeg,6
cherry_220.jpeg,3
orange_163.jpeg,6
apple_63.jpeg,0
pineapple_195.jpeg,7
avocado_123.jpeg,1
kiwi_30.jpeg,4
strawberries_26.jpeg,8
mango_220.jpeg,5
banana_20.jpeg,2
avocado_68.jpeg,1
mango_177.jpeg,5
watermelon_28.jpeg,9
avocado_39.jpeg,1
apple_141.jpeg,0
mango_118.jpeg,5
cherry_7.jpeg,3
kiwi_186.jpeg,4
banana_136.jpeg,2
cherry_115.jpeg,3
banana_19.jpeg,2
orange_37.jpeg,6
pineapple_170.jpeg,7
apple_11.jpeg,0
banana_222.jpeg,2
watermelon_73.jpeg,9
strawberries_102.jpeg,8
banana_191.jpeg,2
watermelon_101.jpeg,9
orange_214.jpeg,6
cherry_141.jpeg,3
strawberries_162.jpeg,8
banana_109.jpeg,2
avocado_119.jpeg,1
orange_8.jpeg,6
pineapple_80.jpeg,7
apple_52.jpeg,0
strawberries_133.jpeg,8
watermelon_209.jpeg,9
apple_125.jpeg,0
kiwi_190.jpeg,4
strawberries_196.jpeg,8
apple_210.jpeg,0
kiwi_8.jpeg,4
apple_12.jpeg,0
orange_73.jpeg,6
cherry_179.jpeg,3
watermelon_13.jpeg,9
strawberries_226.jpeg,8
banana_186.jpeg,2
kiwi_125.jpeg,4
pineapple_209.jpeg,7
avocado_23.jpeg,1
kiwi_109.jpeg,4
cherry_99.jpeg,3
banana_71.jpeg,2
orange_68.jpeg,6
kiwi_88.jpeg,4
pineapple_185.jpeg,7
pineapple_199.jpeg,7
strawberries_41.jpeg,8
mango_212.jpeg,5
banana_6.jpeg,2
watermelon_205.jpeg,9
orange_124.jpeg,6
apple_76.jpeg,0
mango_174.jpeg,5
strawberries_15.jpeg,8
cherry_45.jpeg,3
orange_179.jpeg,6
cherry_125.jpeg,3
mango_147.jpeg,5
mango_93.jpeg,5
mango_86.jpeg,5
pineapple_112.jpeg,7
mango_133.jpeg,5
pineapple_130.jpeg,7
watermelon_152.jpeg,9
pineapple_28.jpeg,7
avocado_32.jpeg,1
kiwi_123.jpeg,4
banana_59.jpeg,2
orange_160.jpeg,6
orange_76.jpeg,6
pineapple_113.jpeg,7
mango_160.jpeg,5
pineapple_145.jpeg,7
watermelon_26.jpeg,9
banana_153.jpeg,2
mango_74.jpeg,5
strawberries_56.jpeg,8
banana_40.jpeg,2
strawberries_20.jpeg,8
strawberries_75.jpeg,8
strawberries_209.jpeg,8
pineapple_45.jpeg,7
apple_83.jpeg,0
mango_90.jpeg,5
cherry_42.jpeg,3
mango_142.jpeg,5
pineapple_84.jpeg,7
pineapple_12.jpeg,7
orange_55.jpeg,6
watermelon_40.jpeg,9
pineapple_153.jpeg,7
strawberries_217.jpeg,8
banana_63.jpeg,2
orange_117.jpeg,6
avocado_107.jpeg,1
orange_180.jpeg,6
pineapple_116.jpeg,7
avocado_60.jpeg,1
avocado_115.jpeg,1
avocado_99.jpeg,1
banana_166.jpeg,2
mango_65.jpeg,5
mango_18.jpeg,5
strawberries_32.jpeg,8
strawberries_119.jpeg,8
strawberries_223.jpeg,8
pineapple_222.jpeg,7
mango_131.jpeg,5
avocado_108.jpeg,1
banana_229.jpeg,2
avocado_9.jpeg,1
avocado_206.jpeg,1
avocado_189.jpeg,1
watermelon_223.jpeg,9
cherry_161.jpeg,3
apple_167.jpeg,0
banana_212.jpeg,2
avocado_62.jpeg,1
mango_225.jpeg,5
mango_145.jpeg,5
banana_69.jpeg,2
mango_188.jpeg,5
mango_13.jpeg,5
avocado_8.jpeg,1
apple_73.jpeg,0
banana_120.jpeg,2
cherry_96.jpeg,3
cherry_2.jpeg,3
avocado_17.jpeg,1
mango_143.jpeg,5
pineapple_74.jpeg,7
pineapple_190.jpeg,7
kiwi_207.jpeg,4
pineapple_128.jpeg,7
banana_145.jpeg,2
cherry_52.jpeg,3
mango_16.jpeg,5
cherry_50.jpeg,3
strawberries_167.jpeg,8
pineapple_144.jpeg,7
mango_9.jpeg,5
cherry_214.jpeg,3
orange_77.jpeg,6
mango_98.jpeg,5
banana_106.jpeg,2
cherry_3.jpeg,3
banana_125.jpeg,2
strawberries_219.jpeg,8
pineapple_94.jpeg,7
kiwi_4.jpeg,4
avocado_29.jpeg,1
pineapple_83.jpeg,7
pineapple_54.jpeg,7
strawberries_8.jpeg,8
avocado_173.jpeg,1
strawberries_103.jpeg,8
banana_139.jpeg,2
strawberries_212.jpeg,8
avocado_147.jpeg,1
orange_204.jpeg,6
banana_68.jpeg,2
avocado_113.jpeg,1
apple_43.jpeg,0
cherry_98.jpeg,3
cherry_224.jpeg,3
cherry_87.jpeg,3
watermelon_7.jpeg,9
watermelon_74.jpeg,9
kiwi_229.jpeg,4
strawberries_197.jpeg,8
strawberries_104.jpeg,8
watermelon_80.jpeg,9
watermelon_33.jpeg,9
strawberries_195.jpeg,8
mango_69.jpeg,5
apple_183.jpeg,0
kiwi_94.jpeg,4
watermelon_140.jpeg,9
pineapple_106.jpeg,7
mango_32.jpeg,5
apple_165.jpeg,0
orange_229.jpeg,6
strawberries_92.jpeg,8
strawberries_113.jpeg,8
banana_52.jpeg,2
mango_159.jpeg,5
banana_35.jpeg,2
strawberries_98.jpeg,8
avocado_87.jpeg,1
mango_79.jpeg,5
avocado_86.jpeg,1
watermelon_143.jpeg,9
orange_118.jpeg,6
banana_75.jpeg,2
orange_103.jpeg,6
strawberries_183.jpeg,8
orange_154.jpeg,6
avocado_181.jpeg,1
apple_19.jpeg,0
kiwi_204.jpeg,4
banana_148.jpeg,2
strawberries_165.jpeg,8
cherry_108.jpeg,3
orange_114.jpeg,6
apple_128.jpeg,0
banana_230.jpeg,2
kiwi_220.jpeg,4
pineapple_14.jpeg,7
orange_149.jpeg,6
avocado_120.jpeg,1
strawberries_186.jpeg,8
mango_205.jpeg,5
cherry_33.jpeg,3
avocado_71.jpeg,1
pineapple_81.jpeg,7
watermelon_136.jpeg,9
orange_47.jpeg,6
strawberries_198.jpeg,8
kiwi_47.jpeg,4
strawberries_95.jpeg,8
orange_21.jpeg,6
apple_44.jpeg,0
pineapple_127.jpeg,7
mango_165.jpeg,5
banana_64.jpeg,2
kiwi_77.jpeg,4
pineapple_201.jpeg,7
avocado_64.jpeg,1
orange_75.jpeg,6
orange_213.jpeg,6
orange_115.jpeg,6
cherry_177.jpeg,3
watermelon_122.jpeg,9
watermelon_186.jpeg,9
apple_10.jpeg,0
avocado_40.jpeg,1
pineapple_182.jpeg,7
kiwi_111.jpeg,4
mango_175.jpeg,5
orange_26.jpeg,6
kiwi_106.jpeg,4
watermelon_145.jpeg,9
strawberries_5.jpeg,8
orange_108.jpeg,6
kiwi_146.jpeg,4
orange_190.jpeg,6
apple_72.jpeg,0
kiwi_46.jpeg,4
pineapple_90.jpeg,7
pineapple_181.jpeg,7
kiwi_200.jpeg,4
banana_80.jpeg,2
strawberries_34.jpeg,8
mango_88.jpeg,5
apple_191.jpeg,0
kiwi_132.jpeg,4
strawberries_206.jpeg,8
apple_139.jpeg,0
pineapple_198.jpeg,7
orange_127.jpeg,6
kiwi_130.jpeg,4
mango_10.jpeg,5
apple_124.jpeg,0
apple_203.jpeg,0
banana_163.jpeg,2
banana_46.jpeg,2
strawberries_173.jpeg,8
strawberries_18.jpeg,8
orange_166.jpeg,6
avocado_178.jpeg,1
avocado_229.jpeg,1
watermelon_70.jpeg,9
kiwi_90.jpeg,4
apple_216.jpeg,0
orange_207.jpeg,6
strawberries_91.jpeg,8
pineapple_92.jpeg,7
cherry_138.jpeg,3
pineapple_50.jpeg,7
watermelon_228.jpeg,9
strawberries_144.jpeg,8
apple_148.jpeg,0
cherry_102.jpeg,3
watermelon_104.jpeg,9
apple_38.jpeg,0
strawberries_39.jpeg,8
avocado_44.jpeg,1
mango_94.jpeg,5
cherry_215.jpeg,3
watermelon_190.jpeg,9
avocado_46.jpeg,1
cherry_106.jpeg,3
cherry_113.jpeg,3
kiwi_74.jpeg,4
cherry_221.jpeg,3
kiwi_107.jpeg,4
strawberries_17.jpeg,8
apple_25.jpeg,0
kiwi_199.jpeg,4
watermelon_19.jpeg,9
avocado_43.jpeg,1
mango_27.jpeg,5
cherry_159.jpeg,3
banana_157.jpeg,2
banana_8.jpeg,2
watermelon_72.jpeg,9
mango_62.jpeg,5
cherry_27.jpeg,3
orange_131.jpeg,6
strawberries_156.jpeg,8
avocado_168.jpeg,1
pineapple_187.jpeg,7
cherry_16.jpeg,3
pineapple_123.jpeg,7
orange_60.jpeg,6
strawberries_191.jpeg,8
apple_212.jpeg,0
kiwi_79.jpeg,4
avocado_100.jpeg,1
cherry_72.jpeg,3
orange_167.jpeg,6
mango_154.jpeg,5
mango_59.jpeg,5
avocado_203.jpeg,1
watermelon_17.jpeg,9
avocado_201.jpeg,1
pineapple_142.jpeg,7
apple_170.jpeg,0
strawberries_93.jpeg,8
pineapple_206.jpeg,7
kiwi_183.jpeg,4
cherry_217.jpeg,3
cherry_109.jpeg,3
cherry_14.jpeg,3
pineapple_165.jpeg,7
apple_189.jpeg,0
orange_203.jpeg,6
cherry_230.jpeg,3
pineapple_42.jpeg,7
kiwi_167.jpeg,4
avocado_25.jpeg,1
strawberries_227.jpeg,8
pineapple_95.jpeg,7
apple_153.jpeg,0
avocado_56.jpeg,1
pineapple_86.jpeg,7
apple_40.jpeg,0
pineapple_174.jpeg,7
kiwi_29.jpeg,4
watermelon_158.jpeg,9
kiwi_225.jpeg,4
pineapple_32.jpeg,7
orange_188.jpeg,6
kiwi_23.jpeg,4
avocado_53.jpeg,1
orange_56.jpeg,6
pineapple_126.jpeg,7
strawberries_33.jpeg,8
apple_31.jpeg,0
pineapple_36.jpeg,7
apple_150.jpeg,0
watermelon_115.jpeg,9
cherry_112.jpeg,3
avocado_158.jpeg,1
banana_72.jpeg,2
avocado_97.jpeg,1
avocado_105.jpeg,1
cherry_133.jpeg,3
pineapple_132.jpeg,7
strawberries_54.jpeg,8
apple_179.jpeg,0
strawberries_205.jpeg,8
cherry_117.jpeg,3
avocado_51.jpeg,1
banana_42.jpeg,2
orange_218.jpeg,6
cherry_6.jpeg,3
orange_10.jpeg,6
mango_199.jpeg,5
watermelon_195.jpeg,9
watermelon_173.jpeg,9
banana_65.jpeg,2
cherry_100.jpeg,3
apple_154.jpeg,0
orange_222.jpeg,6
avocado_116.jpeg,1
apple_82.jpeg,0
cherry_64.jpeg,3
banana_70.jpeg,2
apple_181.jpeg,0
strawberries_148.jpeg,8
strawberries_216.jpeg,8
strawberries_107.jpeg,8
apple_172.jpeg,0
orange_144.jpeg,6
watermelon_130.jpeg,9
watermelon_56.jpeg,9
apple_86.jpeg,0
cherry_229.jpeg,3
banana_204.jpeg,2
apple_222.jpeg,0
kiwi_56.jpeg,4
banana_43.jpeg,2
orange_210.jpeg,6
banana_115.jpeg,2
banana_18.jpeg,2
banana_132.jpeg,2
cherry_8.jpeg,3
mango_96.jpeg,5
pineapple_87.jpeg,7
apple_58.jpeg,0
cherry_131.jpeg,3
mango_149.jpeg,5
cherry_127.jpeg,3
apple_121.jpeg,0
avocado_118.jpeg,1
apple_226.jpeg,0
orange_13.jpeg,6
cherry_38.jpeg,3
avocado_67.jpeg,1
mango_169.jpeg,5
banana_36.jpeg,2
watermelon_30.jpeg,9
orange_85.jpeg,6
orange_133.jpeg,6
kiwi_92.jpeg,4
apple_89.jpeg,0
avocado_140.jpeg,1
apple_7.jpeg,0
strawberries_85.jpeg,8
apple_100.jpeg,0
mango_191.jpeg,5
avocado_69.jpeg,1
apple_186.jpeg,0
kiwi_209.jpeg,4
pineapple_229.jpeg,7
cherry_165.jpeg,3
banana_38.jpeg,2
apple_211.jpeg,0
kiwi_216.jpeg,4
strawberries_51.jpeg,8
apple_78.jpeg,0
pineapple_9.jpeg,7
pineapple_51.jpeg,7
kiwi_203.jpeg,4
pineapple_33.jpeg,7
mango_85.jpeg,5
banana_156.jpeg,2
kiwi_20.jpeg,4
kiwi_193.jpeg,4
kiwi_151.jpeg,4
cherry_60.jpeg,3
strawberries_180.jpeg,8
kiwi_91.jpeg,4
apple_56.jpeg,0
mango_213.jpeg,5
avocado_217.jpeg,1
kiwi_78.jpeg,4
avocado_106.jpeg,1
mango_164.jpeg,5
kiwi_108.jpeg,4
kiwi_93.jpeg,4
mango_132.jpeg,5
watermelon_198.jpeg,9
apple_24.jpeg,0
cherry_13.jpeg,3
pineapple_161.jpeg,7
strawberries_146.jpeg,8
mango_33.jpeg,5
apple_61.jpeg,0
pineapple_60.jpeg,7
banana_112.jpeg,2
banana_208.jpeg,2
mango_11.jpeg,5
kiwi_57.jpeg,4
apple_157.jpeg,0
pineapple_62.jpeg,7
cherry_169.jpeg,3
kiwi_191.jpeg,4
strawberries_225.jpeg,8
apple_98.jpeg,0
orange_74.jpeg,6
strawberries_218.jpeg,8
orange_82.jpeg,6
mango_123.jpeg,5
orange_129.jpeg,6
banana_213.jpeg,2
strawberries_159.jpeg,8
apple_30.jpeg,0
banana_128.jpeg,2
avocado_45.jpeg,1
banana_151.jpeg,2
mango_163.jpeg,5
cherry_223.jpeg,3
avocado_91.jpeg,1
watermelon_25.jpeg,9
banana_54.jpeg,2
mango_172.jpeg,5
kiwi_66.jpeg,4
strawberries_190.jpeg,8
orange_72.jpeg,6
pineapple_99.jpeg,7
banana_78.jpeg,2
cherry_79.jpeg,3
watermelon_118.jpeg,9
pineapple_225.jpeg,7
orange_126.jpeg,6
pineapple_96.jpeg,7
cherry_29.jpeg,3
watermelon_194.jpeg,9
kiwi_128.jpeg,4
kiwi_7.jpeg,4
apple_65.jpeg,0
strawberries_80.jpeg,8
strawberries_31.jpeg,8
kiwi_178.jpeg,4
cherry_93.jpeg,3
watermelon_206.jpeg,9
cherry_89.jpeg,3
pineapple_204.jpeg,7
kiwi_114.jpeg,4
banana_187.jpeg,2
strawberries_127.jpeg,8
banana_104.jpeg,2
mango_72.jpeg,5
mango_120.jpeg,5
avocado_188.jpeg,1
orange_122.jpeg,6
watermelon_79.jpeg,9
watermelon_52.jpeg,9
banana_217.jpeg,2
pineapple_53.jpeg,7
cherry_4.jpeg,3
pineapple_152.jpeg,7
watermelon_14.jpeg,9
mango_24.jpeg,5
cherry_171.jpeg,3
kiwi_113.jpeg,4
mango_194.jpeg,5
banana_60.jpeg,2
kiwi_201.jpeg,4
avocado_146.jpeg,1
banana_86.jpeg,2
orange_48.jpeg,6
pineapple_11.jpeg,7
watermelon_132.jpeg,9
watermelon_126.jpeg,9
avocado_89.jpeg,1
kiwi_152.jpeg,4
banana_27.jpeg,2
banana_160.jpeg,2
kiwi_3.jpeg,4
orange_123.jpeg,6
banana_1.jpeg,2
apple_34.jpeg,0
cherry_18.jpeg,3
orange_148.jpeg,6
kiwi_144.jpeg,4
strawberries_149.jpeg,8
cherry_37.jpeg,3
watermelon_48.jpeg,9
avocado_216.jpeg,1
kiwi_26.jpeg,4
avocado_1.jpeg,1
watermelon_58.jpeg,9
mango_84.jpeg,5
kiwi_159.jpeg,4
strawberries_169.jpeg,8
pineapple_227.jpeg,7
apple_23.jpeg,0
mango_124.jpeg,5
apple_37.jpeg,0
pineapple_55.jpeg,7
banana_77.jpeg,2
cherry_194.jpeg,3
avocado_163.jpeg,1
avocado_153.jpeg,1
banana_85.jpeg,2
kiwi_156.jpeg,4
kiwi_137.jpeg,4
orange_79.jpeg,6
strawberries_160.jpeg,8
pineapple_180.jpeg,7
watermelon_192.jpeg,9
cherry_182.jpeg,3
avocado_7.jpeg,1
avocado_179.jpeg,1
strawberries_94.jpeg,8
strawberries_23.jpeg,8
kiwi_45.jpeg,4
orange_142.jpeg,6
mango_202.jpeg,5
watermelon_203.jpeg,9
watermelon_15.jpeg,9
strawberries_229.jpeg,8
apple_33.jpeg,0
mango_99.jpeg,5
pineapple_122.jpeg,7
pineapple_136.jpeg,7
watermelon_50.jpeg,9
banana_137.jpeg,2
orange_57.jpeg,6
kiwi_86.jpeg,4
strawberries_89.jpeg,8
orange_17.jpeg,6
apple_35.jpeg,0
orange_134.jpeg,6
watermelon_155.jpeg,9
avocado_66.jpeg,1
orange_113.jpeg,6
orange_121.jpeg,6
orange_189.jpeg,6
orange_109.jpeg,6
banana_178.jpeg,2
watermelon_167.jpeg,9
watermelon_214.jpeg,9
strawberries_62.jpeg,8
apple_16.jpeg,0
banana_219.jpeg,2
apple_137.jpeg,0
cherry_176.jpeg,3
watermelon_117.jpeg,9
cherry_10.jpeg,3
apple_74.jpeg,0
strawberries_120.jpeg,8
cherry_30.jpeg,3
cherry_114.jpeg,3
avocado_155.jpeg,1
banana_199.jpeg,2
banana_67.jpeg,2
watermelon_8.jpeg,9
orange_200.jpeg,6
mango_192.jpeg,5
avocado_228.jpeg,1
cherry_90.jpeg,3
avocado_213.jpeg,1
banana_140.jpeg,2
cherry_132.jpeg,3
kiwi_197.jpeg,4
orange_128.jpeg,6
mango_35.jpeg,5
orange_43.jpeg,6
kiwi_96.jpeg,4
kiwi_33.jpeg,4
pineapple_24.jpeg,7
kiwi_100.jpeg,4
watermelon_200.jpeg,9
kiwi_154.jpeg,4
avocado_11.jpeg,1
kiwi_158.jpeg,4
mango_139.jpeg,5
cherry_202.jpeg,3
cherry_118.jpeg,3
watermelon_11.jpeg,9
apple_64.jpeg,0
avocado_83.jpeg,1
cherry_17.jpeg,3
watermelon_27.jpeg,9
pineapple_58.jpeg,7
mango_114.jpeg,5
apple_51.jpeg,0
cherry_145.jpeg,3
mango_80.jpeg,5
cherry_175.jpeg,3
mango_219.jpeg,5
avocado_199.jpeg,1
orange_138.jpeg,6
pineapple_197.jpeg,7
banana_32.jpeg,2
apple_114.jpeg,0
watermelon_16.jpeg,9
kiwi_138.jpeg,4
kiwi_40.jpeg,4
pineapple_131.jpeg,7
cherry_191.jpeg,3
mango_30.jpeg,5
pineapple_120.jpeg,7
watermelon_35.jpeg,9
apple_178.jpeg,0
cherry_111.jpeg,3
pineapple_109.jpeg,7
strawberries_151.jpeg,8
apple_109.jpeg,0
mango_138.jpeg,5
orange_228.jpeg,6
watermelon_204.jpeg,9
pineapple_114.jpeg,7
apple_160.jpeg,0
watermelon_188.jpeg,9
apple_133.jpeg,0
watermelon_191.jpeg,9
cherry_158.jpeg,3
banana_121.jpeg,2
orange_49.jpeg,6
pineapple_46.jpeg,7
avocado_219.jpeg,1
apple_66.jpeg,0
avocado_162.jpeg,1
orange_51.jpeg,6
pineapple_44.jpeg,7
kiwi_139.jpeg,4
orange_150.jpeg,6
mango_152.jpeg,5
apple_17.jpeg,0
avocado_194.jpeg,1
strawberries_131.jpeg,8
cherry_71.jpeg,3
watermelon_120.jpeg,9
pineapple_210.jpeg,7
cherry_63.jpeg,3
strawberries_215.jpeg,8
strawberries_14.jpeg,8
kiwi_112.jpeg,4
watermelon_177.jpeg,9
watermelon_172.jpeg,9
banana_165.jpeg,2
kiwi_202.jpeg,4
banana_87.jpeg,2
pineapple_157.jpeg,7
apple_207.jpeg,0
watermelon_65.jpeg,9
pineapple_146.jpeg,7
apple_126.jpeg,0
kiwi_101.jpeg,4
orange_145.jpeg,6
kiwi_116.jpeg,4
mango_4.jpeg,5
banana_224.jpeg,2
mango_201.jpeg,5
strawberries_154.jpeg,8
mango_97.jpeg,5
apple_194.jpeg,0
cherry_20.jpeg,3
watermelon_180.jpeg,9
strawberries_99.jpeg,8
apple_202.jpeg,0
avocado_34.jpeg,1
banana_53.jpeg,2
apple_81.jpeg,0
watermelon_201.jpeg,9
apple_145.jpeg,0
pineapple_71.jpeg,7
mango_1.jpeg,5
apple_47.jpeg,0
strawberries_222.jpeg,8
cherry_25.jpeg,3
strawberries_200.jpeg,8
apple_5.jpeg,0
kiwi_135.jpeg,4
banana_193.jpeg,2
avocado_37.jpeg,1
apple_21.jpeg,0
pineapple_205.jpeg,7
pineapple_218.jpeg,7
strawberries_136.jpeg,8
avocado_133.jpeg,1
avocado_112.jpeg,1
cherry_53.jpeg,3
banana_168.jpeg,2
mango_179.jpeg,5
banana_192.jpeg,2
banana_220.jpeg,2
mango_31.jpeg,5
strawberries_143.jpeg,8
orange_184.jpeg,6
watermelon_83.jpeg,9
watermelon_106.jpeg,9
strawberries_128.jpeg,8
strawberries_138.jpeg,8
apple_97.jpeg,0
orange_139.jpeg,6
watermelon_147.jpeg,9
orange_2.jpeg,6
orange_151.jpeg,6
kiwi_102.jpeg,4
mango_162.jpeg,5
avocado_193.jpeg,1
apple_205.jpeg,0
pineapple_65.jpeg,7
cherry_120.jpeg,3
cherry_1.jpeg,3
banana_10.jpeg,2
strawberries_27.jpeg,8
pineapple_135.jpeg,7
orange_157.jpeg,6
avocado_70.jpeg,1
mango_216.jpeg,5
cherry_213.jpeg,3
orange_81.jpeg,6
apple_102.jpeg,0
watermelon_162.jpeg,9
pineapple_158.jpeg,7
strawberries_201.jpeg,8
pineapple_119.jpeg,7
banana_218.jpeg,2
mango_23.jpeg,5
watermelon_133.jpeg,9
apple_180.jpeg,0
strawberries_172.jpeg,8
pineapple_52.jpeg,7
orange_5.jpeg,6
watermelon_71.jpeg,9
avocado_73.jpeg,1
pineapple_18.jpeg,7
mango_92.jpeg,5
watermelon_63.jpeg,9
apple_138.jpeg,0
cherry_183.jpeg,3
watermelon_4.jpeg,9
pineapple_16.jpeg,7
orange_208.jpeg,6
watermelon_131.jpeg,9
banana_100.jpeg,2
apple_117.jpeg,0
cherry_59.jpeg,3
kiwi_12.jpeg,4
avocado_103.jpeg,1
apple_68.jpeg,0
apple_176.jpeg,0
watermelon_75.jpeg,9
cherry_137.jpeg,3
orange_202.jpeg,6
watermelon_24.jpeg,9
avocado_167.jpeg,1
mango_49.jpeg,5
apple_136.jpeg,0
apple_130.jpeg,0
apple_215.jpeg,0
avocado_75.jpeg,1
apple_26.jpeg,0
banana_127.jpeg,2
avocado_101.jpeg,1
watermelon_6.jpeg,9
apple_200.jpeg,0
strawberries_55.jpeg,8
avocado_84.jpeg,1
avocado_85.jpeg,1
kiwi_195.jpeg,4
mango_156.jpeg,5
banana_11.jpeg,2
pineapple_102.jpeg,7
watermelon_151.jpeg,9
mango_122.jpeg,5
orange_171.jpeg,6
kiwi_95.jpeg,4
avocado_171.jpeg,1
kiwi_72.jpeg,4
watermelon_29.jpeg,9
kiwi_148.jpeg,4
avocado_204.jpeg,1
watermelon_229.jpeg,9
pineapple_4.jpeg,7
mango_95.jpeg,5
cherry_65.jpeg,3
orange_87.jpeg,6
strawberries_68.jpeg,8
avocado_124.jpeg,1
apple_49.jpeg,0
watermelon_12.jpeg,9
banana_154.jpeg,2
orange_66.jpeg,6
banana_12.jpeg,2
avocado_54.jpeg,1
strawberries_175.jpeg,8
kiwi_89.jpeg,4
apple_195.jpeg,0
watermelon_69.jpeg,9
banana_7.jpeg,2
cherry_21.jpeg,3
watermelon_225.jpeg,9
strawberries_129.jpeg,8
avocado_208.jpeg,1
mango_119.jpeg,5
kiwi_70.jpeg,4
banana_210.jpeg,2
watermelon_110.jpeg,9
watermelon_128.jpeg,9
orange_146.jpeg,6
orange_173.jpeg,6
cherry_173.jpeg,3
kiwi_58.jpeg,4
cherry_54.jpeg,3
orange_205.jpeg,6
orange_53.jpeg,6
avocado_210.jpeg,1
orange_40.jpeg,6
apple_116.jpeg,0
strawberries_106.jpeg,8
orange_168.jpeg,6
strawberries_130.jpeg,8
mango_104.jpeg,5
orange_20.jpeg,6
banana_211.jpeg,2
kiwi_213.jpeg,4
banana_96.jpeg,2
watermelon_111.jpeg,9
kiwi_150.jpeg,4
banana_83.jpeg,2
banana_221.jpeg,2
mango_76.jpeg,5
avocado_128.jpeg,1
cherry_147.jpeg,3
apple_123.jpeg,0
watermelon_81.jpeg,9
pineapple_163.jpeg,7
orange_110.jpeg,6
strawberries_29.jpeg,8
apple_90.jpeg,0
avocado_49.jpeg,1
mango_121.jpeg,5
watermelon_32.jpeg,9
apple_122.jpeg,0
watermelon_176.jpeg,9
kiwi_117.jpeg,4
kiwi_181.jpeg,4
mango_44.jpeg,5
orange_183.jpeg,6
mango_189.jpeg,5
orange_1.jpeg,6
mango_218.jpeg,5
avocado_3.jpeg,1
strawberries_81.jpeg,8
kiwi_115.jpeg,4
avocado_182.jpeg,1
apple_22.jpeg,0
apple_158.jpeg,0
kiwi_9.jpeg,4
pineapple_43.jpeg,7
banana_101.jpeg,2
orange_6.jpeg,6
watermelon_64.jpeg,9
orange_153.jpeg,6
pineapple_141.jpeg,7
apple_209.jpeg,0
banana_37.jpeg,2
cherry_97.jpeg,3
watermelon_121.jpeg,9
pineapple_20.jpeg,7
watermelon_31.jpeg,9
strawberries_78.jpeg,8
pineapple_169.jpeg,7
banana_28.jpeg,2
cherry_152.jpeg,3
avocado_177.jpeg,1
apple_193.jpeg,0
watermelon_66.jpeg,9
mango_19.jpeg,5
banana_161.jpeg,2
orange_158.jpeg,6
orange_143.jpeg,6
apple_106.jpeg,0
strawberries_58.jpeg,8
avocado_192.jpeg,1
banana_194.jpeg,2
apple_110.jpeg,0
orange_102.jpeg,6
mango_161.jpeg,5
kiwi_63.jpeg,4
mango_150.jpeg,5
cherry_210.jpeg,3
watermelon_10.jpeg,9
avocado_30.jpeg,1
strawberries_228.jpeg,8
banana_81.jpeg,2
pineapple_118.jpeg,7
mango_52.jpeg,5
pineapple_137.jpeg,7
mango_231.jpeg,5
avocado_104.jpeg,1
avocado_160.jpeg,1
strawberries_123.jpeg,8
apple_101.jpeg,0
mango_26.jpeg,5
mango_68.jpeg,5
strawberries_49.jpeg,8
orange_201.jpeg,6
banana_22.jpeg,2
strawberries_9.jpeg,8
watermelon_119.jpeg,9
apple_168.jpeg,0
banana_138.jpeg,2
cherry_31.jpeg,3
mango_54.jpeg,5
banana_177.jpeg,2
pineapple_29.jpeg,7
kiwi_182.jpeg,4
banana_169.jpeg,2
banana_84.jpeg,2
avocado_111.jpeg,1
avocado_137.jpeg,1
watermelon_210.jpeg,9
mango_7.jpeg,5
cherry_142.jpeg,3
pineapple_133.jpeg,7
pineapple_40.jpeg,7
kiwi_176.jpeg,4
kiwi_223.jpeg,4
orange_32.jpeg,6
orange_155.jpeg,6
kiwi_75.jpeg,4
orange_137.jpeg,6
apple_50.jpeg,0
banana_57.jpeg,2
avocado_198.jpeg,1
kiwi_161.jpeg,4
apple_70.jpeg,0
pineapple_179.jpeg,7
orange_98.jpeg,6
cherry_124.jpeg,3
kiwi_126.jpeg,4
watermelon_42.jpeg,9
strawberries_87.jpeg,8
apple_192.jpeg,0
orange_83.jpeg,6
apple_173.jpeg,0
orange_22.jpeg,6
apple_71.jpeg,0
avocado_187.jpeg,1
watermelon_82.jpeg,9
watermelon_183.jpeg,9
watermelon_49.jpeg,9
banana_182.jpeg,2
strawberries_117.jpeg,8
pineapple_110.jpeg,7
orange_221.jpeg,6
cherry_11.jpeg,3
avocado_76.jpeg,1
pineapple_156.jpeg,7
cherry_86.jpeg,3
watermelon_202.jpeg,9
banana_126.jpeg,2
mango_141.jpeg,5
kiwi_145.jpeg,4
mango_58.jpeg,5
orange_178.jpeg,6
orange_52.jpeg,6
mango_12.jpeg,5
cherry_83.jpeg,3
mango_8.jpeg,5
mango_36.jpeg,5
mango_180.jpeg,5
watermelon_85.jpeg,9
pineapple_160.jpeg,7
apple_1.jpeg,0
avocado_205.jpeg,1
kiwi_184.jpeg,4
pineapple_217.jpeg,7
pineapple_15.jpeg,7
mango_178.jpeg,5
orange_164.jpeg,6
orange_84.jpeg,6
avocado_98.jpeg,1
kiwi_222.jpeg,4
strawberries_202.jpeg,8
cherry_222.jpeg,3
watermelon_146.jpeg,9
kiwi_48.jpeg,4
watermelon_114.jpeg,9
mango_217.jpeg,5
mango_55.jpeg,5
strawberries_199.jpeg,8
kiwi_42.jpeg,4
apple_15.jpeg,0
apple_220.jpeg,0
watermelon_62.jpeg,9
apple_175.jpeg,0
cherry_58.jpeg,3
pineapple_76.jpeg,7
avocado_4.jpeg,1
apple_91.jpeg,0
cherry_201.jpeg,3
banana_51.jpeg,2
kiwi_164.jpeg,4
strawberries_74.jpeg,8
orange_220.jpeg,6
kiwi_28.jpeg,4
cherry_144.jpeg,3
orange_105.jpeg,6
kiwi_121.jpeg,4
kiwi_25.jpeg,4
kiwi_105.jpeg,4
orange_16.jpeg,6
strawberries_48.jpeg,8
strawberries_109.jpeg,8
orange_91.jpeg,6
pineapple_111.jpeg,7
pineapple_192.jpeg,7
apple_127.jpeg,0
apple_174.jpeg,0
mango_89.jpeg,5
pineapple_104.jpeg,7
cherry_119.jpeg,3
avocado_143.jpeg,1
kiwi_140.jpeg,4
mango_183.jpeg,5
strawberries_163.jpeg,8
mango_126.jpeg,5
pineapple_155.jpeg,7
banana_25.jpeg,2
orange_224.jpeg,6
apple_166.jpeg,0
avocado_65.jpeg,1
apple_20.jpeg,0
watermelon_125.jpeg,9
pineapple_5.jpeg,7
mango_158.jpeg,5
mango_63.jpeg,5
apple_135.jpeg,0
watermelon_196.jpeg,9
strawberries_97.jpeg,8
watermelon_46.jpeg,9
mango_224.jpeg,5
watermelon_163.jpeg,9
apple_32.jpeg,0
banana_123.jpeg,2
watermelon_60.jpeg,9
strawberries_189.jpeg,8
apple_62.jpeg,0
orange_50.jpeg,6
watermelon_142.jpeg,9
strawberries_71.jpeg,8
kiwi_157.jpeg,4
cherry_28.jpeg,3
pineapple_88.jpeg,7
mango_186.jpeg,5
banana_200.jpeg,2
cherry_69.jpeg,3
watermelon_219.jpeg,9
pineapple_79.jpeg,7
mango_167.jpeg,5
cherry_157.jpeg,3
mango_71.jpeg,5
orange_161.jpeg,6
watermelon_129.jpeg,9
kiwi_179.jpeg,4
kiwi_69.jpeg,4
mango_209.jpeg,5
watermelon_51.jpeg,9
avocado_79.jpeg,1
watermelon_76.jpeg,9
orange_136.jpeg,6
apple_228.jpeg,0
banana_189.jpeg,2
avocado_175.jpeg,1
pineapple_191.jpeg,7
avocado_38.jpeg,1
pineapple_148.jpeg,7
apple_96.jpeg,0
orange_211.jpeg,6
orange_186.jpeg,6
avocado_144.jpeg,1
strawberries_25.jpeg,8
banana_58.jpeg,2
banana_47.jpeg,2
apple_2.jpeg,0
pineapple_31.jpeg,7
cherry_207.jpeg,3
pineapple_69.jpeg,7
watermelon_181.jpeg,9
banana_41.jpeg,2
orange_18.jpeg,6
pineapple_211.jpeg,7
watermelon_21.jpeg,9
avocado_151.jpeg,1
orange_7.jpeg,6
pineapple_47.jpeg,7
orange_70.jpeg,6
kiwi_60.jpeg,4
banana_183.jpeg,2
banana_159.jpeg,2
orange_88.jpeg,6
watermelon_68.jpeg,9
cherry_103.jpeg,3
avocado_218.jpeg,1
mango_193.jpeg,5
pineapple_63.jpeg,7
banana_5.jpeg,2
cherry_23.jpeg,3
orange_177.jpeg,6
apple_184.jpeg,0
pineapple_139.jpeg,7
kiwi_180.jpeg,4
watermelon_189.jpeg,9
pineapple_64.jpeg,7
mango_113.jpeg,5
strawberries_213.jpeg,8
watermelon_39.jpeg,9
mango_185.jpeg,5
kiwi_155.jpeg,4
strawberries_140.jpeg,8
cherry_77.jpeg,3
cherry_170.jpeg,3
banana_226.jpeg,2
orange_135.jpeg,6
orange_187.jpeg,6
apple_146.jpeg,0
banana_116.jpeg,2
apple_218.jpeg,0
strawberries_142.jpeg,8
avocado_224.jpeg,1
strawberries_50.jpeg,8
cherry_163.jpeg,3
mango_226.jpeg,5
avocado_212.jpeg,1
mango_6.jpeg,5
avocado_15.jpeg,1
watermelon_197.jpeg,9
orange_216.jpeg,6
avocado_139.jpeg,1
kiwi_50.jpeg,4
apple_92.jpeg,0
orange_174.jpeg,6
strawberries_24.jpeg,8
banana_61.jpeg,2
kiwi_218.jpeg,4
apple_46.jpeg,0
mango_66.jpeg,5
watermelon_182.jpeg,9
pineapple_85.jpeg,7
avocado_130.jpeg,1
watermelon_169.jpeg,9
apple_45.jpeg,0
banana_173.jpeg,2
kiwi_1.jpeg,4
banana_45.jpeg,2
orange_86.jpeg,6
kiwi_17.jpeg,4
watermelon_179.jpeg,9
avocado_31.jpeg,1
orange_90.jpeg,6
apple_3.jpeg,0
banana_13.jpeg,2
watermelon_127.jpeg,9
apple_132.jpeg,0
pineapple_97.jpeg,7
pineapple_220.jpeg,7
pineapple_196.jpeg,7
avocado_59.jpeg,1
cherry_167.jpeg,3
kiwi_32.jpeg,4
orange_116.jpeg,6
banana_133.jpeg,2
orange_25.jpeg,6
strawberries_38.jpeg,8
cherry_151.jpeg,3
kiwi_118.jpeg,4
pineapple_212.jpeg,7
apple_197.jpeg,0
watermelon_67.jpeg,9
strawberries_115.jpeg,8
watermelon_175.jpeg,9
strawberries_181.jpeg,8
apple_134.jpeg,0
kiwi_103.jpeg,4
watermelon_215.jpeg,9
kiwi_196.jpeg,4
kiwi_6.jpeg,4
strawberries_170.jpeg,8
orange_3.jpeg,6
watermelon_103.jpeg,9
avocado_215.jpeg,1
apple_206.jpeg,0
kiwi_122.jpeg,4
watermelon_199.jpeg,9
orange_78.jpeg,6
mango_106.jpeg,5
pineapple_203.jpeg,7
mango_61.jpeg,5
avocado_172.jpeg,1
cherry_134.jpeg,3
orange_38.jpeg,6
watermelon_22.jpeg,9
apple_214.jpeg,0
strawberries_6.jpeg,8
mango_148.jpeg,5
orange_120.jpeg,6
watermelon_94.jpeg,9
cherry_34.jpeg,3
avocado_154.jpeg,1
pineapple_35.jpeg,7
avocado_80.jpeg,1
cherry_160.jpeg,3
banana_74.jpeg,2
cherry_162.jpeg,3
strawberries_65.jpeg,8
banana_135.jpeg,2
banana_15.jpeg,2
avocado_202.jpeg,1
apple_152.jpeg,0
banana_227.jpeg,2
pineapple_57.jpeg,7
orange_31.jpeg,6
pineapple_173.jpeg,7
kiwi_16.jpeg,4
cherry_85.jpeg,3
cherry_92.jpeg,3
banana_181.jpeg,2
pineapple_143.jpeg,7
pineapple_166.jpeg,7
watermelon_36.jpeg,9
kiwi_87.jpeg,4
pineapple_188.jpeg,7
mango_206.jpeg,5
cherry_19.jpeg,3
kiwi_21.jpeg,4
watermelon_105.jpeg,9
orange_119.jpeg,6
mango_43.jpeg,5
orange_181.jpeg,6
kiwi_172.jpeg,4
apple_94.jpeg,0
pineapple_129.jpeg,7
banana_167.jpeg,2
orange_217.jpeg,6
avocado_93.jpeg,1
strawberries_188.jpeg,8
strawberries_214.jpeg,8
banana_50.jpeg,2
kiwi_49.jpeg,4
mango_204.jpeg,5
kiwi_227.jpeg,4
watermelon_108.jpeg,9
mango_207.jpeg,5
strawberries_150.jpeg,8
mango_181.jpeg,5
mango_25.jpeg,5
cherry_164.jpeg,3
pineapple_39.jpeg,7
avocado_159.jpeg,1
mango_83.jpeg,5
orange_4.jpeg,6
watermelon_3.jpeg,9
apple_204.jpeg,0
cherry_174.jpeg,3
apple_67.jpeg,0
apple_140.jpeg,0
strawberries_43.jpeg,8
orange_219.jpeg,6
kiwi_65.jpeg,4
cherry_55.jpeg,3
cherry_62.jpeg,3
orange_12.jpeg,6
orange_99.jpeg,6
strawberries_60.jpeg,8
apple_84.jpeg,0
cherry_105.jpeg,3
avocado_57.jpeg,1
orange_15.jpeg,6
kiwi_198.jpeg,4
mango_117.jpeg,5
orange_67.jpeg,6
kiwi_80.jpeg,4
watermelon_116.jpeg,9
banana_95.jpeg,2
kiwi_187.jpeg,4
pineapple_150.jpeg,7
banana_119.jpeg,2
kiwi_212.jpeg,4
watermelon_38.jpeg,9
cherry_57.jpeg,3
pineapple_25.jpeg,7
apple_6.jpeg,0
strawberries_145.jpeg,8
orange_64.jpeg,6
pineapple_38.jpeg,7
apple_88.jpeg,0
avocado_74.jpeg,1
cherry_15.jpeg,3
mango_221.jpeg,5
mango_144.jpeg,5
avocado_125.jpeg,1
strawberries_73.jpeg,8
mango_3.jpeg,5
banana_107.jpeg,2
banana_3.jpeg,2
banana_129.jpeg,2
kiwi_153.jpeg,4
pineapple_175.jpeg,7
strawberries_40.jpeg,8
strawberries_84.jpeg,8
banana_4.jpeg,2
watermelon_153.jpeg,9
kiwi_10.jpeg,4
kiwi_76.jpeg,4
pineapple_189.jpeg,7
mango_103.jpeg,5
cherry_75.jpeg,3
avocado_61.jpeg,1
banana_198.jpeg,2
apple_107.jpeg,0
cherry_12.jpeg,3
cherry_122.jpeg,3
cherry_126.jpeg,3
watermelon_135.jpeg,9
kiwi_189.jpeg,4
banana_62.jpeg,2
banana_149.jpeg,2
cherry_150.jpeg,3
strawberries_185.jpeg,8
kiwi_68.jpeg,4
avocado_141.jpeg,1
pineapple_224.jpeg,7
cherry_56.jpeg,3
kiwi_67.jpeg,4
mango_20.jpeg,5
apple_213.jpeg,0
watermelon_144.jpeg,9
watermelon_178.jpeg,9
watermelon_44.jpeg,9
cherry_181.jpeg,3
cherry_203.jpeg,3
apple_85.jpeg,0
strawberries_166.jpeg,8
apple_36.jpeg,0
mango_56.jpeg,5
kiwi_2.jpeg,4
cherry_153.jpeg,3
avocado_47.jpeg,1
orange_93.jpeg,6
strawberries_3.jpeg,8
cherry_129.jpeg,3
strawberries_204.jpeg,8
orange_132.jpeg,6
watermelon_20.jpeg,9
mango_2.jpeg,5
apple_208.jpeg,0
kiwi_71.jpeg,4
apple_171.jpeg,0
banana_179.jpeg,2
mango_137.jpeg,5
pineapple_134.jpeg,7
orange_152.jpeg,6
kiwi_13.jpeg,4
strawberries_135.jpeg,8
avocado_77.jpeg,1
pineapple_228.jpeg,7
watermelon_100.jpeg,9
orange_192.jpeg,6
cherry_82.jpeg,3
apple_120.jpeg,0
mango_109.jpeg,5
strawberries_182.jpeg,8
strawberries_11.jpeg,8
watermelon_164.jpeg,9
strawberries_64.jpeg,8
mango_155.jpeg,5
cherry_91.jpeg,3
mango_38.jpeg,5
mango_214.jpeg,5
pineapple_1.jpeg,7
apple_103.jpeg,0
watermelon_227.jpeg,9
watermelon_165.jpeg,9
kiwi_217.jpeg,4
mango_81.jpeg,5
watermelon_187.jpeg,9
watermelon_166.jpeg,9
apple_223.jpeg,0
avocado_214.jpeg,1
pineapple_172.jpeg,7
watermelon_97.jpeg,9
strawberries_207.jpeg,8
orange_59.jpeg,6
avocado_109.jpeg,1
cherry_61.jpeg,3
avocado_230.jpeg,1
watermelon_9.jpeg,9
strawberries_77.jpeg,8
mango_67.jpeg,5
banana_146.jpeg,2
strawberries_192.jpeg,8
pineapple_67.jpeg,7
apple_104.jpeg,0
pineapple_66.jpeg,7
orange_215.jpeg,6
apple_229.jpeg,0
kiwi_54.jpeg,4
strawberries_1.jpeg,8
orange_196.jpeg,6
apple_161.jpeg,0
kiwi_22.jpeg,4
cherry_168.jpeg,3
avocado_170.jpeg,1
apple_87.jpeg,0
orange_44.jpeg,6
mango_200.jpeg,5
avocado_52.jpeg,1
mango_151.jpeg,5
watermelon_109.jpeg,9
strawberries_7.jpeg,8
mango_48.jpeg,5
orange_29.jpeg,6
cherry_40.jpeg,3
kiwi_166.jpeg,4
mango_112.jpeg,5
avocado_207.jpeg,1
mango_230.jpeg,5
banana_111.jpeg,2
orange_41.jpeg,6
watermelon_221.jpeg,9
orange_194.jpeg,6
avocado_127.jpeg,1
cherry_130.jpeg,3
avocado_220.jpeg,1
pineapple_73.jpeg,7
banana_79.jpeg,2
avocado_117.jpeg,1
avocado_197.jpeg,1
mango_78.jpeg,5
cherry_148.jpeg,3
pineapple_125.jpeg,7
avocado_55.jpeg,1
apple_77.jpeg,0
avocado_209.jpeg,1
mango_223.jpeg,5
apple_8.jpeg,0
apple_147.jpeg,0
avocado_48.jpeg,1
pineapple_56.jpeg,7
pineapple_98.jpeg,7
kiwi_171.jpeg,4
orange_94.jpeg,6
strawberries_203.jpeg,8
banana_21.jpeg,2
apple_185.jpeg,0
kiwi_194.jpeg,4
cherry_146.jpeg,3
orange_106.jpeg,6
cherry_70.jpeg,3
banana_29.jpeg,2
kiwi_5.jpeg,4
cherry_49.jpeg,3
strawberries_177.jpeg,8
kiwi_61.jpeg,4
mango_129.jpeg,5
strawberries_176.jpeg,8
kiwi_24.jpeg,4
banana_190.jpeg,2
orange_34.jpeg,6
pineapple_162.jpeg,7
pineapple_34.jpeg,7
orange_33.jpeg,6
avocado_183.jpeg,1
cherry_187.jpeg,3
mango_176.jpeg,5
watermelon_168.jpeg,9
pineapple_184.jpeg,7
kiwi_147.jpeg,4
banana_130.jpeg,2
avocado_185.jpeg,1
orange_101.jpeg,6
kiwi_188.jpeg,4
cherry_24.jpeg,3
strawberries_158.jpeg,8
strawberries_53.jpeg,8
pineapple_10.jpeg,7
cherry_110.jpeg,3
banana_33.jpeg,2
apple_162.jpeg,0
mango_45.jpeg,5
kiwi_211.jpeg,4
watermelon_170.jpeg,9
watermelon_160.jpeg,9
orange_125.jpeg,6
watermelon_159.jpeg,9
avocado_24.jpeg,1
mango_187.jpeg,5
banana_88.jpeg,2
pineapple_202.jpeg,7
watermelon_113.jpeg,9
kiwi_185.jpeg,4
banana_110.jpeg,2
strawberries_137.jpeg,8
banana_142.jpeg,2
cherry_178.jpeg,3
orange_185.jpeg,6
orange_156.jpeg,6
orange_112.jpeg,6
banana_214.jpeg,2
mango_60.jpeg,5
kiwi_165.jpeg,4
mango_28.jpeg,5
strawberries_221.jpeg,8
cherry_193.jpeg,3
mango_197.jpeg,5
avocado_22.jpeg,1
pineapple_72.jpeg,7
mango_17.jpeg,5
cherry_35.jpeg,3
strawberries_152.jpeg,8
banana_201.jpeg,2
strawberries_147.jpeg,8
mango_101.jpeg,5
orange_19.jpeg,6
kiwi_85.jpeg,4
kiwi_210.jpeg,4
cherry_227.jpeg,3
orange_193.jpeg,6
avocado_156.jpeg,1
banana_39.jpeg,2
orange_63.jpeg,6
mango_196.jpeg,5
banana_94.jpeg,2
mango_110.jpeg,5
apple_9.jpeg,0
orange_69.jpeg,6
kiwi_73.jpeg,4
watermelon_93.jpeg,9
apple_13.jpeg,0
mango_50.jpeg,5
banana_147.jpeg,2
kiwi_97.jpeg,4
cherry_225.jpeg,3
strawberries_126.jpeg,8
strawberries_230.jpeg,8
apple_108.jpeg,0
apple_75.jpeg,0
kiwi_55.jpeg,4
pineapple_103.jpeg,7
cherry_68.jpeg,3
apple_54.jpeg,0
watermelon_89.jpeg,9
apple_198.jpeg,0
mango_222.jpeg,5
banana_144.jpeg,2
watermelon_207.jpeg,9
cherry_186.jpeg,3
strawberries_108.jpeg,8
banana_185.jpeg,2
apple_99.jpeg,0
banana_180.jpeg,2
orange_223.jpeg,6
apple_131.jpeg,0
kiwi_136.jpeg,4
strawberries_155.jpeg,8
banana_158.jpeg,2
pineapple_89.jpeg,7
pineapple_93.jpeg,7
apple_39.jpeg,0
mango_21.jpeg,5
strawberries_42.jpeg,8
orange_36.jpeg,6
apple_156.jpeg,0
apple_55.jpeg,0
mango_75.jpeg,5
orange_104.jpeg,6
cherry_123.jpeg,3
avocado_72.jpeg,1
mango_91.jpeg,5
watermelon_149.jpeg,9
banana_48.jpeg,2
avocado_157.jpeg,1
orange_197.jpeg,6
watermelon_88.jpeg,9
watermelon_54.jpeg,9
mango_77.jpeg,5
avocado_166.jpeg,1
pineapple_2.jpeg,7
strawberries_125.jpeg,8
apple_224.jpeg,0
cherry_195.jpeg,3
orange_159.jpeg,6
pineapple_21.jpeg,7
strawberries_141.jpeg,8
strawberries_157.jpeg,8
avocado_114.jpeg,1
mango_51.jpeg,5
watermelon_53.jpeg,9
pineapple_61.jpeg,7
pineapple_6.jpeg,7
avocado_142.jpeg,1
cherry_149.jpeg,3
cherry_199.jpeg,3
strawberries_208.jpeg,8
strawberries_46.jpeg,8
apple_115.jpeg,0
kiwi_64.jpeg,4
cherry_107.jpeg,3
banana_114.jpeg,2
orange_39.jpeg,6
apple_18.jpeg,0
avocado_102.jpeg,1
mango_15.jpeg,5
strawberries_52.jpeg,8
orange_58.jpeg,6
orange_65.jpeg,6
banana_73.jpeg,2
banana_49.jpeg,2
watermelon_95.jpeg,9
cherry_180.jpeg,3
strawberries_111.jpeg,8
avocado_18.jpeg,1
strawberries_168.jpeg,8
watermelon_216.jpeg,9
avocado_227.jpeg,1
strawberries_2.jpeg,8
mango_190.jpeg,5
watermelon_77.jpeg,9
apple_80.jpeg,0
banana_118.jpeg,2
orange_209.jpeg,6
avocado_138.jpeg,1
watermelon_184.jpeg,9
apple_57.jpeg,0
banana_216.jpeg,2
pineapple_186.jpeg,7
mango_46.jpeg,5
avocado_96.jpeg,1
banana_171.jpeg,2
kiwi_44.jpeg,4
pineapple_177.jpeg,7
strawberries_101.jpeg,8
cherry_154.jpeg,3
pineapple_193.jpeg,7
watermelon_87.jpeg,9
strawberries_105.jpeg,8
watermelon_213.jpeg,9
pineapple_7.jpeg,7
avocado_41.jpeg,1
banana_91.jpeg,2
apple_149.jpeg,0
avocado_161.jpeg,1
mango_203.jpeg,5
kiwi_174.jpeg,4
kiwi_11.jpeg,4
kiwi_53.jpeg,4
mango_40.jpeg,5
banana_14.jpeg,2
avocado_135.jpeg,1
avocado_21.jpeg,1
cherry_78.jpeg,3
kiwi_129.jpeg,4
kiwi_36.jpeg,4
cherry_47.jpeg,3
apple_221.jpeg,0
kiwi_206.jpeg,4
apple_111.jpeg,0
pineapple_154.jpeg,7
orange_226.jpeg,6
kiwi_170.jpeg,4
avocado_14.jpeg,1
mango_34.jpeg,5
banana_23.jpeg,2
apple_41.jpeg,0
cherry_41.jpeg,3
banana_2.jpeg,2
cherry_95.jpeg,3
cherry_196.jpeg,3
kiwi_15.jpeg,4
banana_207.jpeg,2
pineapple_215.jpeg,7
cherry_74.jpeg,3
strawberries_179.jpeg,8
avocado_226.jpeg,1
apple_119.jpeg,0
orange_95.jpeg,6
strawberries_19.jpeg,8
watermelon_41.jpeg,9
apple_225.jpeg,0
orange_191.jpeg,6
mango_105.jpeg,5
mango_171.jpeg,5
avocado_19.jpeg,1
pineapple_17.jpeg,7
kiwi_83.jpeg,4
mango_102.jpeg,5
pineapple_200.jpeg,7
watermelon_208.jpeg,9
watermelon_1.jpeg,9
strawberries_72.jpeg,8
watermelon_212.jpeg,9
cherry_218.jpeg,3
kiwi_219.jpeg,4
kiwi_98.jpeg,4
watermelon_55.jpeg,9
cherry_32.jpeg,3
cherry_46.jpeg,3
pineapple_13.jpeg,7
cherry_212.jpeg,3
orange_182.jpeg,6
apple_4.jpeg,0
avocado_121.jpeg,1
orange_170.jpeg,6
strawberries_28.jpeg,8
pineapple_207.jpeg,7
avocado_6.jpeg,1
cherry_209.jpeg,3
cherry_206.jpeg,3
banana_170.jpeg,2
banana_16.jpeg,2
avocado_222.jpeg,1
strawberries_171.jpeg,8
strawberries_187.jpeg,8
avocado_122.jpeg,1
kiwi_37.jpeg,4
apple_177.jpeg,0
pineapple_37.jpeg,7
strawberries_90.jpeg,8
mango_22.jpeg,5
orange_27.jpeg,6
orange_28.jpeg,6
orange_130.jpeg,6
watermelon_139.jpeg,9
pineapple_108.jpeg,7
kiwi_39.jpeg,4
kiwi_177.jpeg,4
kiwi_143.jpeg,4
kiwi_43.jpeg,4
cherry_116.jpeg,3
cherry_226.jpeg,3
strawberries_122.jpeg,8
strawberries_10.jpeg,8
cherry_155.jpeg,3
strawberries_161.jpeg,8
orange_35.jpeg,6
banana_228.jpeg,2
orange_165.jpeg,6
strawberries_36.jpeg,8
cherry_216.jpeg,3
mango_173.jpeg,5
watermelon_84.jpeg,9
banana_197.jpeg,2
cherry_135.jpeg,3
pineapple_75.jpeg,7
strawberries_76.jpeg,8
avocado_36.jpeg,1
cherry_208.jpeg,3
watermelon_34.jpeg,9
apple_59.jpeg,0
avocado_28.jpeg,1
watermelon_137.jpeg,9
avocado_200.jpeg,1
watermelon_43.jpeg,9
watermelon_224.jpeg,9
pineapple_22.jpeg,7
apple_164.jpeg,0
orange_42.jpeg,6
watermelon_47.jpeg,9
strawberries_220.jpeg,8
banana_143.jpeg,2
avocado_5.jpeg,1
banana_124.jpeg,2
pineapple_91.jpeg,7
watermelon_124.jpeg,9
apple_182.jpeg,0
kiwi_214.jpeg,4
kiwi_81.jpeg,4
banana_205.jpeg,2
mango_128.jpeg,5
banana_175.jpeg,2
mango_125.jpeg,5
watermelon_218.jpeg,9
avocado_27.jpeg,1
pineapple_26.jpeg,7
mango_82.jpeg,5
strawberries_121.jpeg,8
banana_164.jpeg,2
banana_17.jpeg,2
strawberries_21.jpeg,8
banana_93.jpeg,2
cherry_104.jpeg,3
cherry_136.jpeg,3
watermelon_220.jpeg,9
mango_70.jpeg,5
banana_26.jpeg,2
cherry_172.jpeg,3
pineapple_176.jpeg,7
kiwi_205.jpeg,4
kiwi_149.jpeg,4
avocado_195.jpeg,1
mango_37.jpeg,5
strawberries_61.jpeg,8
cherry_204.jpeg,3
mango_130.jpeg,5
avocado_132.jpeg,1
cherry_39.jpeg,3
strawberries_194.jpeg,8
watermelon_134.jpeg,9
banana_108.jpeg,2
cherry_140.jpeg,3
strawberries_193.jpeg,8
banana_152.jpeg,2
mango_170.jpeg,5
orange_62.jpeg,6
banana_225.jpeg,2
mango_41.jpeg,5
kiwi_230.jpeg,4
watermelon_161.jpeg,9
avocado_136.jpeg,1
cherry_36.jpeg,3
mango_198.jpeg,5
watermelon_107.jpeg,9
pineapple_214.jpeg,7
avocado_129.jpeg,1
orange_169.jpeg,6
watermelon_211.jpeg,9
mango_166.jpeg,5
mango_64.jpeg,5
pineapple_164.jpeg,7
strawberries_22.jpeg,8
mango_136.jpeg,5
strawberries_30.jpeg,8
cherry_197.jpeg,3
kiwi_133.jpeg,4
banana_188.jpeg,2
orange_227.jpeg,6
orange_162.jpeg,6
cherry_143.jpeg,3
banana_206.jpeg,2
avocado_20.jpeg,1
apple_144.jpeg,0
cherry_43.jpeg,3
cherry_51.jpeg,3
mango_57.jpeg,5
banana_131.jpeg,2
orange_175.jpeg,6
strawberries_44.jpeg,8
cherry_219.jpeg,3
pineapple_194.jpeg,7
watermelon_123.jpeg,9
apple_42.jpeg,0
pineapple_159.jpeg,7
apple_142.jpeg,0
watermelon_86.jpeg,9
pineapple_27.jpeg,7
orange_45.jpeg,6
cherry_166.jpeg,3
orange_199.jpeg,6
kiwi_228.jpeg,4
orange_23.jpeg,6
cherry_101.jpeg,3
mango_111.jpeg,5
watermelon_150.jpeg,9
avocado_50.jpeg,1
apple_199.jpeg,0
pineapple_59.jpeg,7
kiwi_208.jpeg,4
kiwi_51.jpeg,4
avocado_88.jpeg,1
banana_76.jpeg,2
banana_172.jpeg,2
cherry_156.jpeg,3
banana_203.jpeg,2
strawberries_153.jpeg,8
apple_129.jpeg,0
kiwi_142.jpeg,4
kiwi_41.jpeg,4
pineapple_23.jpeg,7
strawberries_134.jpeg,8
cherry_44.jpeg,3
pineapple_105.jpeg,7
orange_198.jpeg,6
strawberries_66.jpeg,8
kiwi_52.jpeg,4
watermelon_23.jpeg,9
orange_140.jpeg,6
cherry_5.jpeg,3
strawberries_224.jpeg,8
apple_95.jpeg,0
apple_29.jpeg,0
watermelon_102.jpeg,9
banana_31.jpeg,2
banana_141.jpeg,2
cherry_211.jpeg,3
kiwi_224.jpeg,4
orange_80.jpeg,6
banana_134.jpeg,2
pineapple_183.jpeg,7
avocado_191.jpeg,1
strawberries_57.jpeg,8
cherry_189.jpeg,3
avocado_94.jpeg,1
kiwi_127.jpeg,4
apple_190.jpeg,0
avocado_131.jpeg,1
mango_184.jpeg,5
avocado_42.jpeg,1
mango_87.jpeg,5
banana_66.jpeg,2
kiwi_169.jpeg,4
apple_118.jpeg,0
kiwi_104.jpeg,4
strawberries_210.jpeg,8
avocado_150.jpeg,1
mango_14.jpeg,5
cherry_66.jpeg,3
kiwi_162.jpeg,4
cherry_184.jpeg,3
kiwi_35.jpeg,4
pineapple_167.jpeg,7
mango_73.jpeg,5
watermelon_157.jpeg,9
apple_143.jpeg,0
cherry_81.jpeg,3
strawberries_35.jpeg,8
kiwi_62.jpeg,4
mango_211.jpeg,5
cherry_94.jpeg,3
avocado_165.jpeg,1
kiwi_124.jpeg,4
strawberries_112.jpeg,8
mango_107.jpeg,5
cherry_88.jpeg,3
strawberries_47.jpeg,8
banana_103.jpeg,2
strawberries_63.jpeg,8
strawberries_184.jpeg,8
apple_69.jpeg,0
watermelon_59.jpeg,9
orange_230.jpeg,6
avocado_81.jpeg,1
avocado_92.jpeg,1
cherry_188.jpeg,3
strawberries_59.jpeg,8
banana_82.jpeg,2
avocado_221.jpeg,1
mango_229.jpeg,5
avocado_13.jpeg,1
mango_116.jpeg,5
apple_14.jpeg,0
orange_11.jpeg,6
watermelon_138.jpeg,9
watermelon_141.jpeg,9
orange_14.jpeg,6
orange_172.jpeg,6
apple_53.jpeg,0
apple_163.jpeg,0
avocado_134.jpeg,1
orange_24.jpeg,6
mango_47.jpeg,5
avocado_190.jpeg,1
orange_97.jpeg,6
strawberries_178.jpeg,8
cherry_9.jpeg,3
orange_30.jpeg,6
watermelon_217.jpeg,9
avocado_225.jpeg,1
pineapple_140.jpeg,7
kiwi_19.jpeg,4
cherry_190.jpeg,3
cherry_198.jpeg,3
cherry_185.jpeg,3
cherry_76.jpeg,3
avocado_176.jpeg,1
watermelon_148.jpeg,9
watermelon_226.jpeg,9
banana_99.jpeg,2
avocado_148.jpeg,1
kiwi_31.jpeg,4
strawberries_88.jpeg,8
banana_174.jpeg,2
pineapple_168.jpeg,7
avocado_126.jpeg,1
watermelon_61.jpeg,9
pineapple_230.jpeg,7
watermelon_96.jpeg,9
pineapple_147.jpeg,7
pineapple_101.jpeg,7
banana_92.jpeg,2
banana_9.jpeg,2
avocado_196.jpeg,1
mango_135.jpeg,5
pineapple_178.jpeg,7
pineapple_216.jpeg,7
apple_112.jpeg,0
watermelon_18.jpeg,9
banana_117.jpeg,2
watermelon_91.jpeg,9
banana_162.jpeg,2
banana_215.jpeg,2
watermelon_90.jpeg,9
cherry_139.jpeg,3
mango_29.jpeg,5
avocado_145.jpeg,1
orange_206.jpeg,6
watermelon_98.jpeg,9
strawberries_79.jpeg,8
pineapple_149.jpeg,7
pineapple_117.jpeg,7
avocado_152.jpeg,1
watermelon_230.jpeg,9
orange_96.jpeg,6
banana_97.jpeg,2
banana_89.jpeg,2
watermelon_5.jpeg,9
pineapple_30.jpeg,7
kiwi_141.jpeg,4
mango_146.jpeg,5
cherry_80.jpeg,3
apple_217.jpeg,0
pineapple_82.jpeg,7
orange_9.jpeg,6
banana_98.jpeg,2
banana_113.jpeg,2
cherry_128.jpeg,3
mango_168.jpeg,5
orange_176.jpeg,6
strawberries_211.jpeg,8
watermelon_45.jpeg,9
kiwi_221.jpeg,4
avocado_180.jpeg,1
orange_71.jpeg,6
cherry_73.jpeg,3
avocado_82.jpeg,1
pineapple_107.jpeg,7
strawberries_116.jpeg,8
watermelon_174.jpeg,9
orange_92.jpeg,6
orange_147.jpeg,6
pineapple_68.jpeg,7
banana_155.jpeg,2
strawberries_37.jpeg,8
apple_201.jpeg,0
orange_141.jpeg,6
apple_151.jpeg,0
pineapple_3.jpeg,7
apple_219.jpeg,0
avocado_184.jpeg,1
pineapple_41.jpeg,7
banana_56.jpeg,2
strawberries_139.jpeg,8
kiwi_27.jpeg,4
avocado_149.jpeg,1
watermelon_112.jpeg,9
kiwi_175.jpeg,4
strawberries_82.jpeg,8
avocado_211.jpeg,1
mango_228.jpeg,5
avocado_35.jpeg,1
orange_46.jpeg,6
pineapple_115.jpeg,7
watermelon_2.jpeg,9
kiwi_99.jpeg,4
kiwi_34.jpeg,4
pineapple_8.jpeg,7
pineapple_100.jpeg,7
orange_89.jpeg,6
banana_184.jpeg,2
kiwi_38.jpeg,4
avocado_169.jpeg,1
mango_42.jpeg,5
watermelon_156.jpeg,9
pineapple_49.jpeg,7
strawberries_45.jpeg,8
pineapple_19.jpeg,7
kiwi_168.jpeg,4
apple_79.jpeg,0
mango_115.jpeg,5
avocado_12.jpeg,1
orange_54.jpeg,6
cherry_228.jpeg,3
banana_176.jpeg,2
pineapple_124.jpeg,7
pineapple_138.jpeg,7
pineapple_171.jpeg,7
kiwi_134.jpeg,4
banana_196.jpeg,2
orange_111.jpeg,6
kiwi_14.jpeg,4
watermelon_193.jpeg,9
mango_39.jpeg,5
mango_208.jpeg,5
kiwi_59.jpeg,4
orange_100.jpeg,6
mango_108.jpeg,5
strawberries_67.jpeg,8
strawberries_174.jpeg,8
mango_227.jpeg,5
apple_169.jpeg,0
apple_28.jpeg,0
mango_182.jpeg,5
kiwi_120.jpeg,4
pineapple_223.jpeg,7
mango_53.jpeg,5
banana_202.jpeg,2
avocado_110.jpeg,1
strawberries_118.jpeg,8
banana_209.jpeg,2
banana_30.jpeg,2
strawberries_16.jpeg,8
pineapple_219.jpeg,7
strawberries_12.jpeg,8
avocado_90.jpeg,1
apple_93.jpeg,0
banana_102.jpeg,2
strawberries_100.jpeg,8
apple_113.jpeg,0
apple_196.jpeg,0
watermelon_92.jpeg,9
apple_188.jpeg,0
pineapple_226.jpeg,7
strawberries_132.jpeg,8
apple_227.jpeg,0
avocado_26.jpeg,1
pineapple_151.jpeg,7
watermelon_57.jpeg,9
banana_122.jpeg,2
kiwi_84.jpeg,4
pineapple_208.jpeg,7
cherry_205.jpeg,3
banana_223.jpeg,2
avocado_174.jpeg,1
banana_90.jpeg,2
orange_61.jpeg,6
banana_150.jpeg,2
strawberries_13.jpeg,8
kiwi_119.jpeg,4
banana_195.jpeg,2
orange_212.jpeg,6
cherry_192.jpeg,3
avocado_95.jpeg,1
apple_27.jpeg,0
avocado_10.jpeg,1
avocado_164.jpeg,1
cherry_67.jpeg,3
watermelon_78.jpeg,9
pineapple_70.jpeg,7
pineapple_78.jpeg,7
mango_100.jpeg,5
banana_55.jpeg,2
cherry_26.jpeg,3
watermelon_154.jpeg,9
avocado_223.jpeg,1
mango_5.jpeg,5
kiwi_226.jpeg,4
kiwi_160.jpeg,4
avocado_33.jpeg,1
mango_157.jpeg,5
pineapple_121.jpeg,7
cherry_48.jpeg,3
watermelon_185.jpeg,9
banana_105.jpeg,2
strawberries_4.jpeg,8
kiwi_163.jpeg,4
strawberries_114.jpeg,8
kiwi_18.jpeg,4
strawberries_70.jpeg,8
apple_48.jpeg,0
apple_187.jpeg,0
mango_127.jpeg,5
pineapple_48.jpeg,7
kiwi_131.jpeg,4
strawberries_124.jpeg,8
watermelon_171.jpeg,9
avocado_2.jpeg,1
cherry_84.jpeg,3
